<?xml version="1.0" encoding="utf-8" ?>
<dwsync>
<file name=".editorconfig" server="c2k.cl/public_html/" local="133769450530000000" remote="133778136000000000" Dst="2" />
<file name="COMMITMENT" server="c2k.cl/public_html/" local="133769450530000000" remote="133778136000000000" Dst="2" />
<file name="composer.json" server="c2k.cl/public_html/" local="133769450530000000" remote="133778136000000000" Dst="2" />
<file name="get_oauth_token.php" server="c2k.cl/public_html/" local="133769450530000000" remote="133778136000000000" Dst="2" />
<file name="LICENSE" server="c2k.cl/public_html/" local="133769450530000000" remote="133778136000000000" Dst="2" />
<file name="README.md" server="c2k.cl/public_html/" local="133769450530000000" remote="133778136000000000" Dst="2" />
<file name="VERSION" server="c2k.cl/public_html/" local="133769450530000000" remote="133778136000000000" Dst="2" />
<file name="SECURITY.md" server="c2k.cl/public_html/" local="133769450530000000" remote="133778136000000000" Dst="2" />
</dwsync>